﻿pos_x,pos_y,rotation,side,designator,mpn,pack,value,mount_type,place
102.87,-75.184,-90.0,top,C1,,C_0805_2012Metric_Pad1.18x1.45mm_HandSolder,100nF,smt,True
118.364,-128.27,-90.0,top,C10,,CP_Radial_D6.3mm_P2.50mm,100uF,tht,True
105.156,-98.687,-90.0,top,C11,,C_0805_2012Metric_Pad1.18x1.45mm_HandSolder,10nF,smt,True
106.426,-125.4975,-90.0,top,C12,,C_0805_2012Metric_Pad1.18x1.45mm_HandSolder,10nF,smt,True
90.17,-135.382,0.0,top,C13,,C_0805_2012Metric_Pad1.18x1.45mm_HandSolder,10uF,smt,True
85.344,-132.08,90.0,top,C14,,C_0805_2012Metric_Pad1.18x1.45mm_HandSolder,2uF,smt,True
90.678,-108.204,0.0,top,C15,,C_0805_2012Metric_Pad1.18x1.45mm_HandSolder,10uF,smt,True
86.36,-104.902,90.0,top,C16,,C_0805_2012Metric_Pad1.18x1.45mm_HandSolder,2uF,smt,True
88.392,-132.08,-90.0,top,C17,,C_0805_2012Metric_Pad1.18x1.45mm_HandSolder,10nF,smt,True
89.154,-104.902,-90.0,top,C18,,C_0805_2012Metric_Pad1.18x1.45mm_HandSolder,10nF,smt,True
90.424,-100.584,180.0,top,C19,,C_0805_2012Metric_Pad1.18x1.45mm_HandSolder,10nF,smt,True
116.84,-78.486,-90.0,top,C2,,C_0805_2012Metric_Pad1.18x1.45mm_HandSolder,100nF,smt,True
89.916,-127.762,180.0,top,C20,,C_0805_2012Metric_Pad1.18x1.45mm_HandSolder,10nF,smt,True
155.448,-142.748,-90.0,top,C3,,CP_Radial_D8.0mm_P5.00mm,1000uF,tht,True
155.448,-132.08,90.0,top,C4,,C_0805_2012Metric_Pad1.18x1.45mm_HandSolder,10nF,smt,True
153.162,-76.962,90.0,top,C5,,C_0805_2012Metric_Pad1.18x1.45mm_HandSolder,100nF,smt,True
167.386,-124.4815,-90.0,top,C6,,C_0805_2012Metric_Pad1.18x1.45mm_HandSolder,10uF,smt,True
171.958,-124.4815,-90.0,top,C7,,C_0805_2012Metric_Pad1.18x1.45mm_HandSolder,10nF,smt,True
119.38,-123.952,0.0,top,C8,,C_0805_2012Metric_Pad1.18x1.45mm_HandSolder,10nF,smt,True
116.078,-116.332,180.0,top,C9,,C_0805_2012Metric_Pad1.18x1.45mm_HandSolder,10nF,smt,True
156.972,-136.906,0.0,top,D1,,D_1210_3225Metric_Pad1.42x2.65mm_HandSolder,SS54,smt,True
101.854,-71.628,0.0,top,FB1,,L_0805_2012Metric_Pad1.05x1.20mm_HandSolder,1K,smt,True
162.052,-136.906,180.0,top,FB2,,L_Axial_L7.0mm_D3.3mm_P2.54mm_Vertical_Fastron_MICC,2A,tht,True
159.632,-123.444,0.0,top,FB3,,L_0805_2012Metric_Pad1.05x1.20mm_HandSolder,2A,smt,True
91.694,-104.902,90.0,top,FB4,,L_0805_2012Metric_Pad1.05x1.20mm_HandSolder,1K,smt,True
91.186,-132.08,90.0,top,FB5,,L_0805_2012Metric_Pad1.05x1.20mm_HandSolder,1K,smt,True
173.3042,-147.4724,0.0,top,H1,,MountingHole_3.2mm_M3_DIN965_Pad_TopBottom,MountingHole_Pad,tht,True
171.958,-136.623,90.0,top,J1,,TerminalBlock_Altech_AK300-2_P5.00mm,DC-IN,tht,True
65.4335,-130.9624,-90.0,top,J3,,SMA_Samtec_SMA-J-P-X-ST-EM1_EdgeMount,10MHz sine,smt,True
65.3065,-103.171523,-90.0,top,J4,,SMA_Samtec_SMA-J-P-X-ST-EM1_EdgeMount,10MHz sine,smt,True
82.2452,-146.4006,0.0,top,J5,,PinHeader_1x02_P2.54mm_Vertical,Conn_01x02_Pin,tht,True
98.044,-72.644,90.0,top,R1,,R_0805_2012Metric_Pad1.20x1.40mm_HandSolder,1K,smt,True
115.062,-112.014,90.0,top,R10,,R_0805_2012Metric_Pad1.20x1.40mm_HandSolder,1K5,smt,True
102.362,-114.062,90.0,top,R11,,R_0805_2012Metric_Pad1.20x1.40mm_HandSolder,174R,smt,True
105.156,-102.989,-90.0,top,R12,,R_0805_2012Metric_Pad1.20x1.40mm_HandSolder,274R,smt,True
102.362,-118.856,-90.0,top,R13,,R_0805_2012Metric_Pad1.20x1.40mm_HandSolder,174R,smt,True
106.426,-129.794,-90.0,top,R14,,R_0805_2012Metric_Pad1.20x1.40mm_HandSolder,274R,smt,True
106.426,-134.366,-90.0,top,R15,,R_0805_2012Metric_Pad1.20x1.40mm_HandSolder,475R,smt,True
105.156,-107.323,-90.0,top,R16,,R_0805_2012Metric_Pad1.20x1.40mm_HandSolder,475R,smt,True
85.582,-100.584,180.0,top,R17,,R_0805_2012Metric_Pad1.20x1.40mm_HandSolder,47R5,smt,True
85.344,-127.762,180.0,top,R18,,R_0805_2012Metric_Pad1.20x1.40mm_HandSolder,47R5,smt,True
116.84,-74.168,-90.0,top,R2,,R_0805_2012Metric_Pad1.20x1.40mm_HandSolder,2K,smt,True
70.342,-63.754,180.0,top,R3,,R_0805_2012Metric_Pad1.20x1.40mm_HandSolder,47K,smt,True
150.114,-133.858,90.0,top,R4,,R_2512_6332Metric_Pad1.40x3.35mm_HandSolder,0.5R/3W,smt,True
89.424,-146.304,180.0,top,R5,,R_0805_2012Metric_Pad1.20x1.40mm_HandSolder,10K,smt,True
124.968,-117.348,-90.0,top,R6,,R_0805_2012Metric_Pad1.20x1.40mm_HandSolder,120R,smt,True
120.904,-117.364,-90.0,top,R7,,R_0805_2012Metric_Pad1.20x1.40mm_HandSolder,470R,smt,True
115.062,-124.968,90.0,top,R8,,R_0805_2012Metric_Pad1.20x1.40mm_HandSolder,1K,smt,True
115.062,-120.142,90.0,top,R9,,R_0805_2012Metric_Pad1.20x1.40mm_HandSolder,475R,smt,True
62.3934,-69.4216,0.0,top,RV1,,Potentiometer_Bourns_3053P_Horizontal,10K,tht,True
62.45005,-77.4834,0.0,top,RV2,,Potentiometer_Bourns_3053P_Horizontal,5K,tht,True
102.108,-87.884,0.0,top,TP1,,TestPoint_Keystone_5005-5009_Compact,f-adjust,tht,True
97.536,-116.332,0.0,top,TP2,,TestPoint_Keystone_5005-5009_Compact,10MHz,tht,True
124.079,-147.1676,0.0,top,TP3,,TestPoint_Keystone_5005-5009_Compact,GND,tht,True
75.946,-105.711523,180.0,top,TR1,,PE-65612,PE-65612,tht,True
76.073,-133.3754,180.0,top,TR2,,PE-65612,PE-65612,tht,True
109.412,-74.803,0.0,top,U1,,SOIC-8_3.9x4.9mm_P1.27mm,REF02,smt,True
153.162,-100.33,0.0,top,U2,,Oscilloquartz_8663,Oscilloquartz_8663,tht,True
97.79,-103.124,180.0,top,U3,,SOIC-8_3.9x4.9mm_P1.27mm,LM7171xIM,smt,True
97.028,-130.302,180.0,top,U4,,SOIC-8_3.9x4.9mm_P1.27mm,LM7171xIM,smt,True
