﻿designator,quantity,value,pack,mpn,mount_type
"C1, C2, C5",3,100nF,C_0805_2012Metric_Pad1.18x1.45mm_HandSolder,,smt
C10,1,100uF,CP_Radial_D6.3mm_P2.50mm,,tht
"C11, C12, C17, C18, C19, C20, C4, C7, C8, C9",10,10nF,C_0805_2012Metric_Pad1.18x1.45mm_HandSolder,,smt
"C13, C15, C6",3,10uF,C_0805_2012Metric_Pad1.18x1.45mm_HandSolder,,smt
"C14, C16",2,2uF,C_0805_2012Metric_Pad1.18x1.45mm_HandSolder,,smt
C3,1,1000uF,CP_Radial_D8.0mm_P5.00mm,,tht
D1,1,SS54,D_1210_3225Metric_Pad1.42x2.65mm_HandSolder,,smt
"FB1, FB4, FB5",3,1K,L_0805_2012Metric_Pad1.05x1.20mm_HandSolder,,smt
FB2,1,2A,L_Axial_L7.0mm_D3.3mm_P2.54mm_Vertical_Fastron_MICC,,tht
FB3,1,2A,L_0805_2012Metric_Pad1.05x1.20mm_HandSolder,,smt
H1,1,MountingHole_Pad,MountingHole_3.2mm_M3_DIN965_Pad_TopBottom,,tht
J1,1,DC-IN,TerminalBlock_Altech_AK300-2_P5.00mm,,tht
"J3, J4",2,10MHz sine,SMA_Samtec_SMA-J-P-X-ST-EM1_EdgeMount,,smt
J5,1,Conn_01x02_Pin,PinHeader_1x02_P2.54mm_Vertical,,tht
"R1, R8",2,1K,R_0805_2012Metric_Pad1.20x1.40mm_HandSolder,,smt
R10,1,1K5,R_0805_2012Metric_Pad1.20x1.40mm_HandSolder,,smt
"R11, R13",2,174R,R_0805_2012Metric_Pad1.20x1.40mm_HandSolder,,smt
"R12, R14",2,274R,R_0805_2012Metric_Pad1.20x1.40mm_HandSolder,,smt
"R15, R16, R9",3,475R,R_0805_2012Metric_Pad1.20x1.40mm_HandSolder,,smt
"R17, R18",2,47R5,R_0805_2012Metric_Pad1.20x1.40mm_HandSolder,,smt
R2,1,2K,R_0805_2012Metric_Pad1.20x1.40mm_HandSolder,,smt
R3,1,47K,R_0805_2012Metric_Pad1.20x1.40mm_HandSolder,,smt
R4,1,0.5R/3W,R_2512_6332Metric_Pad1.40x3.35mm_HandSolder,,smt
R5,1,10K,R_0805_2012Metric_Pad1.20x1.40mm_HandSolder,,smt
R6,1,120R,R_0805_2012Metric_Pad1.20x1.40mm_HandSolder,,smt
R7,1,470R,R_0805_2012Metric_Pad1.20x1.40mm_HandSolder,,smt
RV1,1,10K,Potentiometer_Bourns_3053P_Horizontal,,tht
RV2,1,5K,Potentiometer_Bourns_3053P_Horizontal,,tht
TP1,1,f-adjust,TestPoint_Keystone_5005-5009_Compact,,tht
TP2,1,10MHz,TestPoint_Keystone_5005-5009_Compact,,tht
TP3,1,GND,TestPoint_Keystone_5005-5009_Compact,,tht
"TR1, TR2",2,PE-65612,PE-65612,,tht
U1,1,REF02,SOIC-8_3.9x4.9mm_P1.27mm,,smt
U2,1,Oscilloquartz_8663,Oscilloquartz_8663,,tht
"U3, U4",2,LM7171xIM,SOIC-8_3.9x4.9mm_P1.27mm,,smt
