[{"pos_x": 141.351, "pos_y": -123.825, "rotation": 0.0, "side": "top", "designator": "H1", "mpn": null, "pack": "MountingHole_6.4mm_M6", "value": "10MHz-1", "mount_type": "tht", "place": true}, {"pos_x": 168.656, "pos_y": -123.698, "rotation": 0.0, "side": "top", "designator": "H4", "mpn": null, "pack": "MountingHole_6.4mm_M6", "value": "10MHz-2", "mount_type": "tht", "place": true}, {"pos_x": 186.309, "pos_y": -87.376, "rotation": 0.0, "side": "top", "designator": "H2", "mpn": null, "pack": "MountingHole_3mm", "value": "PWR LED", "mount_type": "tht", "place": true}, {"pos_x": 107.696, "pos_y": -117.221, "rotation": 0.0, "side": "top", "designator": "H5", "mpn": null, "pack": "MountingHole_3mm", "value": "Trimmer Fine", "mount_type": "tht", "place": true}, {"pos_x": 116.078, "pos_y": -117.348, "rotation": 0.0, "side": "top", "designator": "H3", "mpn": null, "pack": "MountingHole_3mm", "value": "Trimmer Course", "mount_type": "tht", "place": true}]